，	1
的	2
一	3
0	4
资	5
金	6
在	7
是	8
行	9
、	10
了	11
人	12
生	13
年	14
有	15
理	16
为	17
用	18
不	19
业	20
产	21
1	22
家	23
投	24
大	25
到	26
中	27
和	28
2	29
上	30
市	31
时	32
以	33
国	34
收	35
元	36
财	37
出	38
于	39
期	40
品	41
先	42
要	43
发	44
多	45
款	46
我	47
来	48
们	49
可	50
高	51
对	52
这	53
能	54
现	55
保	56
经	57
入	58
个	59
银	60
下	61
工	62
动	63
成	64
户	65
万	66
网	67
险	68
场	69
作	70
利	71
也	72
会	73
“	74
进	75
好	76
合	77
提	78
股	79
”	80
其	81
过	82
贷	83
务	84
活	85
定	86
方	87
自	88
购	89
后	90
他	91
本	92
商	93
通	94
费	95
而	96
公	97
前	98
基	99
益	100
分	101
同	102
等	103
因	104
5	105
存	106
者	107
加	108
月	109
开	110
性	111
平	112
得	113
需	114
3	115
面	116
就	117
买	118
实	119
与	120
长	121
增	122
信	123
交	124
房	125
全	126
度	127
日	128
庭	129
新	130
最	131
力	132
受	133
率	134
化	135
支	136
游	137
还	138
融	139
台	140
机	141
展	142
子	143
风	144
8	145
地	146
营	147
体	148
更	149
司	150
将	151
式	152
6	153
重	154
推	155
并	156
都	157
息	158
较	159
7	160
4	161
部	162
续	163
次	164
目	165
外	166
%	167
内	168
客	169
相	170
值	171
线	172
正	173
如	174
之	175
从	176
关	177
手	178
此	179
点	180
间	181
管	182
取	183
情	184
社	185
事	186
价	187
持	188
所	189
制	190
回	191
当	192
已	193
心	194
服	195
着	196
及	197
主	198
很	199
消	200
求	201
起	202
学	203
.	204
比	205
己	206
获	207
种	208
规	209
车	210
看	211
法	212
知	213
系	214
每	215
但	216
近	217
低	218
升	219
企	220
果	221
优	222
直	223
电	224
联	225
量	226
女	227
钱	228
两	229
单	230
然	231
由	232
结	233
小	234
三	235
9	236
供	237
天	238
影	239
互	240
做	241
选	242
认	243
向	244
额	245
戏	246
类	247
付	248
应	249
流	250
位	251
使	252
安	253
些	254
常	255
没	256
黄	257
随	258
明	259
计	260
建	261
数	262
积	263
少	264
代	265
越	266
去	267
解	268
城	269
无	270
步	271
各	272
转	273
太	274
模	275
原	276
美	277
运	278
老	279
身	280
限	281
被	282
况	283
给	284
民	285
标	286
领	287
未	288
技	289
济	290
达	291
该	292
配	293
具	294
调	295
变	296
；	297
接	298
》	299
京	300
《	301
政	302
售	303
货	304
择	305
广	306
表	307
创	308
设	309
报	310
打	311
：	312
型	313
债	314
二	315
势	316
p	317
销	318
传	319
构	320
只	321
战	322
告	323
改	324
物	325
张	326
便	327
住	328
造	329
再	330
份	331
友	332
立	333
格	334
办	335
她	336
员	337
整	338
东	339
道	340
降	341
币	342
证	343
说	344
程	345
借	346
士	347
放	348
项	349
易	350
名	351
效	352
意	353
指	354
深	355
或	356
亿	357
职	358
注	359
真	360
据	361
置	362
准	363
示	364
节	365
样	366
速	367
卡	368
让	369
牌	370
感	371
带	372
策	373
题	374
且	375
至	376
门	377
备	378
处	379
视	380
超	381
第	382
显	383
周	384
始	385
漫	386
富	387
断	388
几	389
质	390
总	391
稳	392
走	393
特	394
际	395
统	396
预	397
播	398
某	399
议	400
源	401
享	402
众	403
专	404
任	405
首	406
约	407
属	408
引	409
布	410
快	411
水	412
形	413
终	414
王	415
育	416
助	417
养	418
完	419
争	420
P	421
今	422
十	423
想	424
笔	425
即	426
验	427
票	428
强	429
科	430
区	431
另	432
A	433
儿	434
欧	435
响	436
智	437
路	438
维	439
券	440
术	441
足	442
确	443
店	444
O	445
则	446
妻	447
e	448
考	449
旅	450
赵	451
环	452
把	453
均	454
那	455
里	456
致	457
普	458
继	459
惠	460
络	461
热	462
集	463
涨	464
采	465
书	466
共	467
划	468
非	469
局	470
境	471
件	472
别	473
教	474
双	475
夫	476
难	477
文	478
仅	479
识	480
连	481
条	482
充	483
轻	484
画	485
历	486
初	487
移	488
域	489
功	490
候	491
累	492
孩	493
级	494
端	495
余	496
洲	497
按	498
又	499
记	500
段	501
账	502
口	503
短	504
逐	505
问	506
C	507
空	508
决	509
税	510
返	511
良	512
微	513
尽	514
适	515
象	516
师	517
健	518
百	519
除	520
爱	521
容	522
玩	523
负	524
红	525
权	526
包	527
西	528
海	529
半	530
略	531
监	532
排	533
介	534
习	535
剧	536
帮	537
够	538
跌	539
尔	540
观	541
么	542
参	543
讯	544
导	545
退	546
往	547
幅	548
亲	549
花	550
州	551
I	552
留	553
兴	554
卖	555
你	556
归	557
李	558
态	559
许	560
障	561
查	562
朋	563
净	564
乐	565
精	566
扩	567
虑	568
婚	569
媒	570
析	571
操	572
遇	573
止	574
拥	575
追	576
照	577
承	578
倍	579
季	580
色	581
码	582
望	583
频	584
送	585
责	586
省	587
头	588
套	589
宣	590
盘	591
母	592
何	593
世	594
晓	595
损	596
奖	597
园	598
压	599
依	600
）	601
根	602
演	603
徐	604
控	605
校	606
案	607
（	608
失	609
善	610
避	611
核	612
鲜	613
钟	614
离	615
趋	616
赚	617
论	618
减	619
它	620
满	621
素	622
T	623
简	624
状	625
临	626
脉	627
清	628
请	629
辆	630
休	631
渐	632
顾	633
港	634
复	635
研	636
免	637
远	638
层	639
波	640
渠	641
列	642
范	643
左	644
读	645
四	646
潜	647
赛	648
球	649
却	650
私	651
泛	652
图	653
思	654
折	655
假	656
北	657
举	658
律	659
估	660
底	661
才	662
担	663
例	664
算	665
喜	666
父	667
粉	668
刚	669
占	670
急	671
纷	672
落	673
甚	674
纳	675
仍	676
马	677
换	678
团	679
紧	680
迅	681
界	682
储	683
沃	684
伴	685
医	686
必	687
气	688
右	689
骗	690
细	691
虽	692
巨	693
-	694
牛	695
链	696
苏	697
岁	698
跟	699
闲	700
阿	701
签	702
景	703
角	704
M	705
觉	706
军	707
绝	708
找	709
组	710
命	711
男	712
罗	713
府	714
楼	715
语	716
围	717
租	718
促	719
片	720
反	721
突	722
征	723
福	724
赔	725
试	726
爆	727
义	728
订	729
丝	730
般	731
零	732
称	733
话	734
站	735
竞	736
版	737
松	738
熟	739
曾	740
材	741
吸	742
玛	743
陆	744
轮	745
赎	746
酒	747
宁	748
绍	749
刘	750
疑	751
捷	752
艺	753
申	754
B	755
诉	756
繁	757
密	758
盈	759
餐	760
棋	761
托	762
综	763
欢	764
独	765
居	766
圈	767
史	768
n	769
i	770
幸	771
旦	772
白	773
究	774
困	775
龄	776
陌	777
激	778
言	779
温	780
斯	781
输	782
破	783
极	784
散	785
—	786
边	787
革	788
诸	789
英	790
a	791
音	792
暖	793
奇	794
隐	795
邦	796
阶	797
审	798
器	799
o	800
宝	801
暴	802
评	803
询	804
缺	805
补	806
扣	807
护	808
遭	809
施	810
青	811
陷	812
抵	813
春	814
武	815
幻	816
协	817
启	818
编	819
厂	820
汇	821
令	822
群	823
础	824
慎	825
华	826
号	827
S	828
+	829
固	830
错	831
盛	832
偏	833
乎	834
故	835
趣	836
停	837
茶	838
药	839
修	840
康	841
拒	842
娱	843
尝	844
猛	845
庆	846
藏	847
悉	848
待	849
拉	850
歌	851
板	852
亡	853
坚	854
录	855
赢	856
拿	857
火	858
宽	859
否	860
队	861
缩	862
贴	863
纪	864
伤	865
旧	866
惯	867
奥	868
背	869
灵	870
寻	871
索	872
志	873
尚	874
切	875
判	876
族	877
异	878
封	879
哪	880
姨	881
符	882
逾	883
逆	884
炒	885
秀	886
纸	887
南	888
差	889
疗	890
透	891
G	892
装	893
润	894
汽	895
防	896
违	897
死	898
途	899
释	900
顺	901
搜	902
缓	903
食	904
央	905
培	906
愿	907
冷	908
山	909
病	910
害	911
五	912
筹	913
涉	914
绩	915
r	916
测	917
孙	918
胀	919
击	920
针	921
遍	922
乌	923
盖	924
附	925
讲	926
阳	927
俩	928
似	929
宜	930
距	931
狂	932
既	933
迎	934
猫	935
刻	936
挥	937
露	938
听	939
晚	940
须	941
恒	942
千	943
扫	944
唱	945
训	946
掉	947
迷	948
批	949
严	950
博	951
熊	952
拍	953
握	954
念	955
延	956
料	957
坛	958
竟	959
丰	960
薪	961
崛	962
谈	963
/	964
米	965
凭	966
番	967
括	968
招	969
巴	970
党	971
毕	972
光	973
早	974
煤	975
禁	976
误	977
农	978
俄	979
拓	980
触	981
滞	982
述	983
扬	984
委	985
V	986
尼	987
催	988
跃	989
库	990
亏	991
御	992
替	993
炭	994
侠	995
七	996
邀	997
;	998
阅	999
缴	1000
夏	1001
察	1002
石	1003
跑	1004
危	1005
像	1006
载	1007
院	1008
跨	1009
横	1010
恋	1011
治	1012
径	1013
贵	1014
声	1015
冠	1016
江	1017
t	1018
叫	1019
U	1020
呈	1021
杂	1022
挑	1023
尤	1024
探	1025
椒	1026
登	1027
神	1028
警	1029
驻	1030
(	1031
亮	1032
睐	1033
恐	1034
烈	1035
邓	1036
矿	1037
淘	1038
亚	1039
班	1040
痛	1041
犯	1042
锁	1043
h	1044
驶	1045
狗	1046
曲	1047
L	1048
膨	1049
浪	1050
’	1051
焦	1052
E	1053
座	1054
宏	1055
束	1056
块	1057
脑	1058
末	1059
字	1060
香	1061
咨	1062
R	1063
耗	1064
腾	1065
罚	1066
陈	1067
覆	1068
什	1069
馆	1070
见	1071
潮	1072
授	1073
措	1074
概	1075
)	1076
偿	1077
映	1078
剩	1079
蔽	1080
翻	1081
冲	1082
闭	1083
昨	1084
柳	1085
鉴	1086
m	1087
踪	1088
励	1089
赌	1090
抚	1091
守	1092
截	1093
挖	1094
y	1095
彩	1096
刺	1097
c	1098
架	1099
迫	1100
醒	1101
野	1102
章	1103
疾	1104
克	1105
怕	1106
杆	1107
召	1108
村	1109
碱	1110
缘	1111
档	1112
伏	1113
驱	1114
裁	1115
靠	1116
浮	1117
予	1118
伦	1119
撑	1120
津	1121
希	1122
页	1123
胺	1124
H	1125
污	1126
嫌	1127
驾	1128
帝	1129
兑	1130
印	1131
摆	1132
冰	1133
刷	1134
诈	1135
键	1136
荐	1137
坡	1138
·	1139
滑	1140
幼	1141
午	1142
萨	1143
著	1144
室	1145
铁	1146
兼	1147
蓄	1148
庄	1149
绕	1150
弹	1151
慢	1152
检	1153
佳	1154
序	1155
眼	1156
久	1157
募	1158
楚	1159
卷	1160
姐	1161
滚	1162
Q	1163
伙	1164
涵	1165
寿	1166
赋	1167
吴	1168
暂	1169
剑	1170
席	1171
含	1172
‘	1173
败	1174
秦	1175
丈	1176
侵	1177
副	1178
诱	1179
曼	1180
罪	1181
炼	1182
乔	1183
黏	1184
杠	1185
隔	1186
杰	1187
梦	1188
搭	1189
钻	1190
舆	1191
哔	1192
携	1193
０	1194
绿	1195
蛮	1196
l	1197
荣	1198
践	1199
循	1200
疫	1201
铺	1202
蕴	1203
伐	1204
逃	1205
９	1206
鱼	1207
典	1208
甜	1209
雨	1210
衡	1211
拟	1212
s	1213
劣	1214
暑	1215
患	1216
哩	1217
谷	1218
虎	1219
酿	1220
毁	1221
汪	1222
岗	1223
拣	1224
穿	1225
沿	1226
篮	1227
拖	1228
麻	1229
泄	1230
叠	1231
抽	1232
泰	1233
县	1234
宾	1235
谨	1236
土	1237
菲	1238
锅	1239
滨	1240
礼	1241
屏	1242
瘟	1243
挂	1244
杀	1245
河	1246
纯	1247
册	1248
赏	1249
袋	1250
傅	1251
忙	1252
槛	1253
卫	1254
妈	1255
D	1256
沪	1257
旗	1258
董	1259
恰	1260
骨	1261
拨	1262
迹	1263
妥	1264
官	1265
凡	1266
哥	1267
攀	1268
堡	1269
谋	1270
倾	1271
访	1272
掌	1273
航	1274
雪	1275
厅	1276
赖	1277
掘	1278
宅	1279
酝	1280
屡	1281
．	1282
刑	1283
壁	1284
乘	1285
兰	1286
饵	1287
虚	1288
铝	1289
欠	1290
孕	1291
挫	1292
乏	1293
扮	1294
筑	1295
雀	1296
狐	1297
抗	1298
敌	1299
龙	1300
丢	1301
饭	1302
捧	1303
弟	1304
赞	1305
u	1306
擅	1307
捕	1308
鹏	1309
佣	1310
仔	1311
逊	1312
汲	1313
答	1314
劳	1315
德	1316
吉	1317
贸	1318
盐	1319
懂	1320
W	1321
瑞	1322
睡	1323
您	1324
黑	1325
阴	1326
柜	1327
衣	1328
殊	1329
忽	1330
盲	1331
舞	1332
敦	1333
揭	1334
沉	1335
珀	1336
炎	1337
抢	1338
拘	1339
兽	1340
稀	1341
摊	1342
慕	1343
抛	1344
聘	1345
详	1346
兄	1347
韩	1348
佛	1349
粗	1350
孝	1351
八	1352
俗	1353
沟	1354
郑	1355
侦	1356
宋	1357
d	1358
蒋	1359
窄	1360
曝	1361
倒	1362
夕	1363
刊	1364
吧	1365
植	1366
贪	1367
骑	1368
汉	1369
嘉	1370
血	1371
童	1372
奢	1373
遥	1374
聊	1375
夸	1376
届	1377
１	1378
脱	1379
星	1380
燃	1381
冒	1382
匹	1383
霸	1384
努	1385
呢	1386
贬	1387
胜	1388
忠	1389
督	1390
木	1391
唯	1392
盆	1393
救	1394
肆	1395
油	1396
陡	1397
署	1398
廉	1399
珍	1400
b	1401
谓	1402
坐	1403
姓	1404
乱	1405
壶	1406
摸	1407
轿	1408
蓝	1409
侧	1410
笑	1411
榜	1412
爸	1413
鼓	1414
诚	1415
侈	1416
逼	1417
课	1418
搞	1419
伊	1420
灾	1421
聚	1422
症	1423
叙	1424
呼	1425
赁	1426
g	1427
塌	1428
秉	1429
邮	1430
砍	1431
彻	1432
馨	1433
艰	1434
塔	1435
岳	1436
飙	1437
牵	1438
毒	1439
辈	1440
泡	1441
墨	1442
熬	1443
裕	1444
织	1445
朗	1446
纵	1447
乖	1448
酷	1449
塑	1450
罢	1451
羊	1452
畅	1453
永	1454
摄	1455
悬	1456
荒	1457
振	1458
若	1459
颇	1460
绸	1461
抓	1462
稿	1463
衷	1464
瓶	1465
郭	1466
洁	1467
惑	1468
搬	1469
欣	1470
毛	1471
夺	1472
媳	1473
珠	1474
饥	1475
黎	1476
蚂	1477
纠	1478
岸	1479
闻	1480
灭	1481
庞	1482
脂	1483
盟	1484
盾	1485
颈	1486
姻	1487
舍	1488
尖	1489
染	1490
矛	1491
秒	1492
姆	1493
峰	1494
仿	1495
辑	1496
婴	1497
贡	1498
沈	1499
窗	1500
饮	1501
林	1502
牙	1503
渔	1504
籍	1505
F	1506
讨	1507
六	1508
写	1509
树	1510
跳	1511
磨	1512
卢	1513
抱	1514
奶	1515
押	1516
孤	1517
缪	1518
趁	1519
云	1520
杭	1521
欺	1522
蒙	1523
茫	1524
飞	1525
饽	1526
碑	1527
疏	1528
雇	1529
羡	1530
k	1531
臣	1532
?	1533
默	1534
穷	1535
皿	1536
炸	1537
佼	1538
偶	1539
N	1540
抑	1541
亟	1542
峭	1543
渗	1544
敬	1545
添	1546
盗	1547
晰	1548
:	1549
拆	1550
摇	1551
鑫	1552
祸	1553
攻	1554
淫	1555
帅	1556
仓	1557
碎	1558
豫	1559
辉	1560
辅	1561
蚁	1562
慧	1563
锐	1564
郊	1565
堵	1566
惧	1567
敏	1568
昌	1569
逸	1570
诞	1571
誉	1572
九	1573
玄	1574
堂	1575
献	1576
阔	1577
威	1578
洗	1579
厚	1580
脚	1581
妹	1582
懵	1583
伍	1584
镇	1585
迁	1586
古	1587
漂	1588
泽	1589
v	1590
蕉	1591
挤	1592
刀	1593
亦	1594
豁	1595
秽	1596
递	1597
淡	1598
泥	1599
猎	1600
捆	1601
墙	1602
,	1603
恢	1604
弱	1605
坠	1606
梯	1607
帖	1608
祖	1609
K	1610
阵	1611
街	1612
旺	1613
鸿	1614
岩	1615
淀	1616
逻	1617
腰	1618
阱	1619
干	1620
顿	1621
煎	1622
赶	1623
奋	1624
雷	1625
崩	1626
遵	1627
怪	1628
池	1629
吃	1630
塞	1631
啪	1632
彼	1633
妨	1634
忆	1635
顶	1636
契	1637
茄	1638
忧	1639
草	1640
鹤	1641
斩	1642
汰	1643
谢	1644
馈	1645
撩	1646
肪	1647
乡	1648
舒	1649
莫	1650
执	1651
暗	1652
晋	1653
胆	1654
宇	1655
豆	1656
齐	1657
粘	1658
宗	1659
谐	1660
涡	1661
遏	1662
呗	1663
蒂	1664
滋	1665
寄	1666
坊	1667
麦	1668
辞	1669
姜	1670
璐	1671
尊	1672
陪	1673
秘	1674
慨	1675
晨	1676
戚	1677
钮	1678
魂	1679
软	1680
蛙	1681
崇	1682
锻	1683
炉	1684
迪	1685
痪	1686
杳	1687
忍	1688
筛	1689
睦	1690
j	1691
赊	1692
咱	1693
箭	1694
捎	1695
匿	1696
晦	1697
履	1698
紫	1699
杯	1700
砖	1701
词	1702
毯	1703
盼	1704
炫	1705
宿	1706
碌	1707
膜	1708
昧	1709
勤	1710
诧	1711
抉	1712
贺	1713
５	1714
碧	1715
靖	1716
劝	1717
愚	1718
驷	1719
残	1720
掀	1721
兆	1722
莱	1723
旬	1724
圣	1725
鹅	1726
醋	1727
盒	1728
弃	1729
薄	1730
锦	1731
静	1732
川	1733
妙	1734
洞	1735
稔	1736
悲	1737
荼	1738
筋	1739
桌	1740
劲	1741
耽	1742
恶	1743
J	1744
勘	1745
夜	1746
倪	1747
溃	1748
懒	1749
狱	1750
摩	1751
肩	1752
眉	1753
缝	1754
骏	1755
姑	1756
尬	1757
宪	1758
喻	1759
Ｔ	1760
瘫	1761
鄂	1762
君	1763
湖	1764
沂	1765
苹	1766
愁	1767
磊	1768
汾	1769
冬	1770
凯	1771
敲	1772
甄	1773
霁	1774
湛	1775
X	1776
酬	1777
蝉	1778
－	1779
婆	1780
杉	1781
幕	1782
射	1783
愉	1784
浏	1785
雄	1786
虐	1787
裂	1788
垮	1789
殆	1790
钢	1791
羹	1792
贝	1793
仟	1794
溜	1795
茂	1796
哄	1797
眾	1798
框	1799
滔	1800
栏	1801
灌	1802
潭	1803
览	1804
徒	1805
汝	1806
芬	1807
斜	1808
喝	1809
禧	1810
躲	1811
怨	1812
歧	1813
砂	1814
挡	1815
轨	1816
谎	1817
滁	1818
廓	1819
浓	1820
怒	1821
阪	1822
绑	1823
怠	1824
纽	1825
氏	1826
腐	1827
斤	1828
唐	1829
裨	1830
蔚	1831
汤	1832
谅	1833
抬	1834
捌	1835
役	1836
耀	1837
雏	1838
捉	1839
刁	1840
挪	1841
剂	1842
篇	1843
骄	1844
援	1845
吞	1846
叹	1847
爽	1848
肥	1849
寸	1850
铃	1851
筷	1852
鄞	1853
畴	1854
朱	1855
忘	1856
嵌	1857
潍	1858
仪	1859
滤	1860
颖	1861
怎	1862
纺	1863
耻	1864
剁	1865
斐	1866
邑	1867
渡	1868
柱	1869
悟	1870
尺	1871
漩	1872
弄	1873
砸	1874
巩	1875
鸣	1876
枪	1877
袭	1878
烦	1879
丧	1880
抄	1881
吁	1882
＋	1883
割	1884
猝	1885
磅	1886
泳	1887
噬	1888
绘	1889
奎	1890
俞	1891
肌	1892
峻	1893
绥	1894
删	1895
稼	1896
诊	1897
菊	1898
彰	1899
瞬	1900
液	1901
蜜	1902
恩	1903
慈	1904
圳	1905
桂	1906
船	1907
噪	1908
旨	1909
赠	1910
勇	1911
衫	1912
讼	1913
冶	1914
旋	1915
胃	1916
竹	1917
遴	1918
瞻	1919
弈	1920
皮	1921
丁	1922
逛	1923
尴	1924
靡	1925
匠	1926
允	1927
撞	1928
混	1929
疼	1930
嘿	1931
练	1932
惊	1933
睫	1934
荷	1935
魄	1936
晒	1937
洛	1938
赤	1939
颠	1940
轴	1941
扶	1942
嫁	1943
蜀	1944
揽	1945
巧	1946
叁	1947
鲁	1948
!	1949
腊	1950
掠	1951
洪	1952
肖	1953
绒	1954
聪	1955
４	1956
丽	1957
嘲	1958
冻	1959
惜	1960
艾	1961
哀	1962
酱	1963
巅	1964
摧	1965
宴	1966
筝	1967
敢	1968
坑	1969
侨	1970
伸	1971
爷	1972
披	1973
撤	1974
圆	1975
涌	1976
浅	1977
憾	1978
钩	1979
蛋	1980
谛	1981
觞	1982
箱	1983
扑	1984
荆	1985
豪	1986
剔	1987
奏	1988
皇	1989
殖	1990
慌	1991
伪	1992
巢	1993
藉	1994
倡	1995
笼	1996
滥	1997
枯	1998
壮	1999
惨	2000
辛	2001
慰	2002
赡	2003
犸	2004
粮	2005
挽	2006
Ｉ	2007
@	2008
岑	2009
沛	2010
鸡	2011
缜	2012
疆	2013
姿	2014
溢	2015
拼	2016
堪	2017
锋	2018
酣	2019
黯	2020
塘	2021
诟	2022
弯	2023
迄	2024
踏	2025
伺	2026
尾	2027
淨	2028
肤	2029
毫	2030
萎	2031
跖	2032
尸	2033
佫	2034
浴	2035
拾	2036
佐	2037
衍	2038
氛	2039
粒	2040
梗	2041
屋	2042
杜	2043
峡	2044
岛	2045
俘	2046
辄	2047
胡	2048
赫	2049
钓	2050
孵	2051
描	2052
赴	2053
亥	2054
瞄	2055
爹	2056
踵	2057
叶	2058
